year,filings,orders,rental_units,filing_rate,order_rate
2016,10856,5402,145371,7.4677893114857845,3.7160093828892973
2017,11605,5323,146548,7.918907115757294,3.63225700794279
2018,11414,5054,148023,7.710963836701053,3.4143342588651766
2019,11370,4921,149027,7.629489958195494,3.302086199145121
2020,7512,2496,148720,5.051102743410436,1.6783216783216783
2021,6712,2747,147730,4.543423813714209,1.8594733635686724
2022,11666,4678,147403,7.914357238319438,3.1736124773579912
2023,11504,4572,147186,7.815960757137227,3.1062736945089884
