year,violations,orders,rental_units,violation_rate,order_rate
2017,53110,12021,146552,36.239696489983075,8.202549265789617
2018,48399,12312,148028,32.69584132731646,8.317345367092713
2019,41307,11301,149032,27.716866176391648,7.582935208545816
2020,29620,8499,148725,19.915952260884183,5.714573877962683
2021,34906,10404,147734,23.62760095847943,7.04238699283848
2022,33013,9709,147407,22.39581566682722,6.586525741654061
2023,37291,11850,147190,25.335280929410963,8.050818669746587
