year,filings,orders,rental_units,filing_rate,order_rate
2016,10862,5406,145371,7.471916682144307,3.718760963328312
2017,11603,5319,146548,7.917542375194476,3.629527526817152
2018,11416,5056,148023,7.712314978077731,3.4156854002418546
2019,11372,4922,149027,7.63083199688647,3.302757218490609
2020,7512,2496,148720,5.051102743410436,1.6783216783216783
2021,6709,2745,147730,4.5413930819738715,1.8581195424084478
2022,11666,4669,147403,7.914357238319438,3.1675067671621338
2023,11503,3746,147196,7.814750400826109,2.544906111579119
