year,violations,orders,rental_units,violation_rate,order_rate
2017,53110,12021,146548,36.24068564565876,8.20277315282365
2018,48399,12312,148023,32.69694574491802,8.317626314829452
2019,41305,11300,149027,27.716454065370705,7.582518604011354
2020,29614,8495,148720,19.912587412587413,5.712076385153308
2021,34892,10395,147730,23.618763961280713,7.036485480268056
2022,32896,9665,147403,22.317049178103566,6.556854338107095
2023,37166,11806,147186,25.251042898101723,8.021143315260963
