year,filings,orders,rental_units,filing_rate,order_rate
2016,10750,5374,143463,7.49322124868433,3.745913580505078
2017,11500,5292,144640,7.950774336283185,3.6587389380530975
2018,11307,5033,146115,7.738425213017145,3.444547103309038
2019,11285,4898,146789,7.68790576950589,3.3367622914523567
2020,7496,2493,146362,5.121547942772031,1.70331096869406
2021,6696,2737,145372,4.606113969677792,1.8827559640095755
2022,11579,4616,145045,7.983039746285636,3.1824606156709985
2023,11395,3706,144838,7.867410486198373,2.5587207776964607
