year,violations,orders,rental_units,violation_rate,order_rate
2017,53441,12123,144640,36.94759402654867,8.38149889380531
2018,48799,12396,146115,33.39766622181159,8.483728569962016
2019,48525,13058,146789,33.05765418389661,8.895761944014877
2020,34739,9738,146362,23.734985856984736,6.6533663109277
2021,40145,11652,145372,27.615359216355284,8.015298682002037
2022,35508,10579,145045,24.480678410148574,7.293598538384639
2023,38960,12417,144838,26.89901821345227,8.573026415719632
