year,violations,orders,rental_units,violation_rate,order_rate
2017,53110,12021,146552,36.239696489983075,8.202549265789617
2018,48412,12316,148028,32.70462344961764,8.32004755857
2019,41308,11302,149032,27.717537173224542,7.583606205378711
2020,29635,8514,148725,19.92603798957808,5.724659606656581
2021,34924,10419,147734,23.639785019020675,7.05254037662285
2022,33005,9724,147407,22.390388516149166,6.5967016491754125
2023,37325,11876,147190,25.358380324750325,8.068482913241388
2024,37059,12328,147289,25.160738412237166,8.369939370896674
