year,violations,orders,rental_units,violation_rate,order_rate
2017,53110,12021,146552,36.239696489983075,8.202549265789617
2018,48399,12312,148028,32.69584132731646,8.317345367092713
2019,41305,11300,149032,27.715524182725858,7.58226421171292
2020,29614,8495,148725,19.911917969406623,5.711884350310976
2021,34892,10395,147734,23.61812446694735,7.036294962567859
2022,32896,9665,147407,22.31644358816067,6.55667641292476
2023,37166,11806,147190,25.250356681839797,8.020925334601534
