year,violations,orders,rental_units,violation_rate,order_rate
2017,54616,12441,148735,36.72034154704676,8.364540962113827
2018,49659,12694,149326,33.25542772189706,8.500863881708478
2019,49325,13411,156709,31.47553746115411,8.55790031204334
2020,35204,9967,156644,22.473889839381016,6.362835474068588
2021,40557,11912,156068,25.986749365661122,7.6325704180229135
2022,35888,10795,156008,23.003948515460745,6.919516947848828
2023,39325,12630,156297,25.160431742131966,8.08076930459318
